-- MySQL dump 10.13  Distrib 8.0.34, for Win64 (x86_64)
--
-- Host: localhost    Database: popplan
-- ------------------------------------------------------
-- Server version	8.0.34

/*!40101 SET @OLD_CHARACTER_SET_CLIENT=@@CHARACTER_SET_CLIENT */;
/*!40101 SET @OLD_CHARACTER_SET_RESULTS=@@CHARACTER_SET_RESULTS */;
/*!40101 SET @OLD_COLLATION_CONNECTION=@@COLLATION_CONNECTION */;
/*!50503 SET NAMES utf8mb4 */;
/*!40103 SET @OLD_TIME_ZONE=@@TIME_ZONE */;
/*!40103 SET TIME_ZONE='+00:00' */;
/*!40014 SET @OLD_UNIQUE_CHECKS=@@UNIQUE_CHECKS, UNIQUE_CHECKS=0 */;
/*!40014 SET @OLD_FOREIGN_KEY_CHECKS=@@FOREIGN_KEY_CHECKS, FOREIGN_KEY_CHECKS=0 */;
/*!40101 SET @OLD_SQL_MODE=@@SQL_MODE, SQL_MODE='NO_AUTO_VALUE_ON_ZERO' */;
/*!40111 SET @OLD_SQL_NOTES=@@SQL_NOTES, SQL_NOTES=0 */;

--
-- Table structure for table `event_tag`
--

DROP TABLE IF EXISTS `event_tag`;
/*!40101 SET @saved_cs_client     = @@character_set_client */;
/*!50503 SET character_set_client = utf8mb4 */;
CREATE TABLE `event_tag` (
  `event_id` int NOT NULL,
  `tag_id` int NOT NULL,
  KEY `FK21sr8312wkacwoig6477juer3` (`tag_id`),
  KEY `FK90aj6q3nxe0mqa2sdh35its85` (`event_id`),
  CONSTRAINT `FK21sr8312wkacwoig6477juer3` FOREIGN KEY (`tag_id`) REFERENCES `tags` (`tag_id`),
  CONSTRAINT `FK90aj6q3nxe0mqa2sdh35its85` FOREIGN KEY (`event_id`) REFERENCES `events` (`event_id`)
) ENGINE=InnoDB DEFAULT CHARSET=utf8mb4 COLLATE=utf8mb4_0900_ai_ci;
/*!40101 SET character_set_client = @saved_cs_client */;

--
-- Dumping data for table `event_tag`
--

LOCK TABLES `event_tag` WRITE;
/*!40000 ALTER TABLE `event_tag` DISABLE KEYS */;
INSERT INTO `event_tag` VALUES (1,1),(1,2),(1,3),(1,4),(2,5),(2,6),(2,7),(2,8),(2,9),(3,10),(3,11),(3,12),(3,13),(4,10),(4,14),(4,15),(4,16),(5,17),(5,18),(5,19),(5,20),(6,8),(6,18),(6,21),(6,22),(6,23),(7,14),(7,24),(7,25),(8,4),(8,5),(8,6),(9,11),(9,19),(9,3),(10,26),(10,14),(10,33),(11,25),(11,2),(11,20),(12,15),(12,5),(12,29),(13,18),(13,12),(13,30),(13,8),(14,9),(14,2),(14,32),(15,11),(15,5),(15,35),(15,22),(16,25),(16,23),(16,37),(17,4),(17,5),(17,20),(18,30),(18,31),(18,23),(19,35),(19,22),(19,26),(20,9),(20,2),(20,32),(21,25),(21,5),(21,29),(22,4),(22,12),(22,6),(23,15),(23,2),(23,28),(24,26),(24,14),(24,22),(25,18),(25,5),(25,29),(26,11),(26,12),(26,35),(27,9),(27,2),(27,28),(28,15),(28,23),(28,32),(29,18),(29,19),(29,22),(30,26),(30,5),(30,6),(31,25),(31,2),(31,36),(32,11),(32,14),(32,30),(33,4),(33,5),(33,28),(34,18),(34,12),(34,22),(35,9),(35,2),(35,24),(36,25),(36,23),(36,35),(37,15),(37,19),(37,31),(38,18),(38,5),(38,22),(39,26),(39,2),(39,38),(40,11),(40,12),(40,3),(41,4),(41,14),(41,28),(42,9),(42,5),(42,24),(43,15),(43,12),(43,31),(44,26),(44,2),(44,29),(45,11),(45,14),(45,35),(46,18),(46,23),(46,28),(47,25),(47,5),(47,6),(48,9),(48,2),(48,33),(49,15),(49,19),(49,24),(50,18),(50,5),(50,29),(51,26),(51,2),(51,32),(52,25),(52,12),(52,38),(53,11),(53,23),(53,24),(54,4),(54,5),(54,22),(55,9),(55,14),(55,28),(56,15),(56,2),(56,8),(57,18),(57,12),(57,32),(58,26),(58,5),(58,28),(59,11),(59,14),(59,36),(60,25),(60,2),(60,38),(61,4),(61,5),(61,24),(62,9),(62,14),(62,29),(63,15),(63,23),(63,34),(64,26),(64,2),(64,3),(65,11),(65,19),(65,22),(66,18),(66,5),(66,31),(67,25),(67,12),(67,24),(68,15),(68,2),(68,31),(69,9),(69,14),(69,24),(70,18),(70,23),(70,28),(71,4),(71,5),(71,38),(72,11),(72,12),(72,29),(73,25),(73,2),(73,22),(74,26),(74,19),(74,22),(75,9),(75,5),(75,35),(76,15),(76,14),(76,24),(77,18),(77,2),(77,28),(78,4),(78,5),(78,22),(79,11),(79,12),(79,24),(80,25),(80,2),(80,31),(81,9),(81,14),(81,28),(82,15),(82,23),(82,31),(83,26),(83,5),(83,33),(84,18),(84,2),(84,3),(85,4),(85,12),(85,31),(86,9),(86,14),(86,24),(87,15),(87,23),(87,29),(88,26),(88,5),(88,31),(89,11),(89,19),(89,29),(90,18),(90,2),(90,22),(91,25),(91,14),(91,31),(92,15),(92,5),(92,3),(93,4),(93,2),(93,31),(94,9),(94,12),(94,34),(95,26),(95,5),(95,36),(96,18),(96,23),(96,28),(97,11),(97,14),(97,37),(98,15),(98,2),(98,22),(99,25),(99,5),(99,24),(100,4),(100,12),(100,22),(101,9),(101,14),(101,31),(102,18),(102,2),(102,29),(103,15),(103,23),(103,31),(104,11),(104,5),(104,31),(105,26),(105,2),(105,28),(106,9),(106,2),(106,6),(107,18),(107,12),(107,33),(108,4),(108,5),(108,30),(109,26),(109,5),(109,35),(110,4),(110,5),(110,22),(111,15),(111,2),(111,20),(112,4),(112,5),(112,24),(113,11),(113,23),(113,32),(114,25),(114,2),(114,22),(115,26),(115,12),(115,33),(116,11),(116,19),(116,35),(117,18),(117,2),(117,20),(118,9),(118,5),(118,6),(119,4),(119,2),(119,34),(120,25),(120,5),(120,30),(121,9),(121,2),(121,32),(122,18),(122,12),(122,30),(123,26),(123,5),(123,33),(124,26),(124,5),(124,22),(125,11),(125,2),(125,30),(126,25),(126,19),(126,6),(127,15),(127,12),(127,33),(128,18),(128,12),(128,28),(129,26),(129,2),(129,32),(130,25),(130,5),(130,37),(131,4),(131,2),(131,22),(132,25),(132,12),(132,30),(133,11),(133,5),(133,24),(134,15),(134,5),(134,6),(135,26),(135,23),(135,32),(136,9),(136,2),(136,20),(137,15),(137,14),(137,33),(138,11),(138,2),(138,24),(139,25),(139,12),(139,29),(140,4),(140,2),(140,30);
/*!40000 ALTER TABLE `event_tag` ENABLE KEYS */;
UNLOCK TABLES;

--
-- Table structure for table `events`
--

DROP TABLE IF EXISTS `events`;
/*!40101 SET @saved_cs_client     = @@character_set_client */;
/*!50503 SET character_set_client = utf8mb4 */;
CREATE TABLE `events` (
  `event_id` int NOT NULL AUTO_INCREMENT,
  `created_at` datetime(6) DEFAULT NULL,
  `updated_at` datetime(6) DEFAULT NULL,
  `description` text,
  `image` mediumtext,
  `location` varchar(255) DEFAULT NULL,
  `max_participants` int DEFAULT NULL,
  `price` decimal(10,2) DEFAULT NULL,
  `start_time` datetime(6) NOT NULL,
  `status` enum('CANCELED','COMPLETED','DRAFT','PUBLISHED') DEFAULT NULL,
  `title` varchar(100) NOT NULL,
  `organizer_id` int NOT NULL,
  PRIMARY KEY (`event_id`),
  KEY `FKdocju8m76a3f8o6ljh2jrn2ra` (`organizer_id`),
  CONSTRAINT `FKdocju8m76a3f8o6ljh2jrn2ra` FOREIGN KEY (`organizer_id`) REFERENCES `users` (`user_id`)
) ENGINE=InnoDB AUTO_INCREMENT=141 DEFAULT CHARSET=utf8mb4 COLLATE=utf8mb4_0900_ai_ci;
/*!40101 SET character_set_client = @saved_cs_client */;

--
-- Dumping data for table `events`
--

LOCK TABLES `events` WRITE;
/*!40000 ALTER TABLE `events` DISABLE KEYS */;
INSERT INTO `events` VALUES (1,'2025-06-07 16:42:44.859177','2025-06-07 16:42:44.859177','##燃燒夜的搖滾之旅\n\n週一，讓音樂驅散你的疲憊！準備好一起釋放激情，與音樂一同飛翔嗎？\n\n我們將聚集，將音樂從北部的陽光中帶入，帶來一場充滿活力與衝擊的搖滾狂歡。\n\n想像一下，高亢的旋律，令人心跳的節奏，以及充滿力量的歌聲，交織成一曲撼動人心的作品。\n\n這不僅僅是一場音樂會，更是一段放鬆與享受的時光，讓身心得到充分的滋養。\n\n讓我們一起感受搖滾的熱烈，留下難忘的回憶！\n\n','/images/pp3-1749285764816.jpg','台北市中山區民生東路三段67號',10,100.00,'2025-07-05 12:00:00.000000','PUBLISHED','快來玩吧!這是一場樂團活動',4),(2,'2025-06-07 16:45:32.727996','2025-06-07 16:45:32.727996','**桌遊探秘：書海之旅**\n\n週二，中部，我們一起踏入一個充滿想像力的世界——書海！\n\n準備好沉浸在書本的魅力中，一起挑戰和分享桌遊遊戲嗎？書海的設計，讓每個人都能找到屬於自己的故事。\n\n這場活動將帶領你進入一個充滿文字和文字的空間，透過桌遊的互動，感受書本的魅力。\n\n無論你是經驗豐富的遊手，還是初學者，都能在書海中找到樂趣和驚喜。\n\n讓我們一起玩，共同探索書海的秘密吧！\n\n期待與你一同體驗書海的魔法。','/images/pp3-1749285932714.jpg','台北市中山區民生東路三段67號',2,0.00,'2025-07-06 08:00:00.000000','PUBLISHED','快來玩吧!這是一場活動',1),(3,'2025-06-07 16:46:39.323703','2025-06-07 16:46:39.323703','**狗聚！週末狂歡來襲！**\n\n南部愛好狗狗的朋友們，準備好迎接充滿歡樂與尾巴的週三吧！\n\n我們將舉辦一場特別的狗聚，讓狗狗們盡情玩耍、互動，並且享受彼此的陪伴。\n\n現場有豐富的狗狗訓練活動，讓狗狗們都能盡情探索、學習，並和其他狗狗們建立友誼。\n\n我們將提供美味的零食和水，讓狗狗們盡情享受。\n\n適合所有大小的狗狗，無論你是喜歡玩耍、還是需要狗狗朋友，這裡都是個絕佳的選擇！\n\n期待與你和你的狗狗一起度過一個充滿歡樂的下午！\n\n','/images/pp3-1749285999308.jpg','台北市中山區民生東路三段67號',5,30.00,'2025-07-06 16:00:00.000000','PUBLISHED','寵物聚會快來玩吧!這是一場活動',1),(4,'2025-06-07 16:47:51.927389','2025-06-07 16:47:51.927389','**汪汪隊主題偶像巡遊！**\n\n想一睹汪汪隊的魅力嗎？我們為你帶來一場熱烈又充滿節奏的偶像體驗！\n\n週四，東部地區，我們將展現汪汪隊最動人的歌舞、舞台表演，讓您沉浸在充滿活力和歡樂的音樂中。\n\n從亮眼的舞步到充滿感染力的旋律，每一段畫面都充滿了汪汪隊的活力和創意。\n\n準備好迎接波瀾壯闊的音樂節慶了嗎？\n','/images/pp3-1749286071914.jpg','台北市中山區民生東路三段67號',8,50.00,'2025-07-08 07:00:00.000000','PUBLISHED','狗狗汪汪隊快來玩吧!這是一場活動一定要吃狗糧',1),(5,'2025-06-07 16:49:49.066676','2025-06-07 16:49:49.066676','**週五，離島的夜光閃閃爍！**\n\n準備好釋放你的音樂好心情了嗎？這週五，離島的夜空裡，我們來享受KTV的熱情！\n\n一起跳舞，一起歌唱，一起感受充滿能量的音樂氛圍。\n\n這場活動，我們將以歌喉為主題，讓你盡情揮灑，釋放內心的喜悅與活力。\n\n無論你是熱愛舞廳，還是只是想輕鬆娛樂，這場KTV的夜晚，都會讓你輕鬆愉快。\n\n準備好準備好你的舞姿和好心情，一起嗨翻島嶼！\n','/images/pp3-1749286189051.jpg','台北市中山區民生東路三段67號',4,150.00,'2025-07-27 13:00:00.000000','PUBLISHED','KTV唱唱歌快來玩吧!這是一場活動',1),(6,'2025-06-07 16:50:54.691026','2025-06-07 16:50:54.691026','週五，開啟你的運動新篇章！\n\n想輕鬆釋放壓力、讓身體活力滿滿嗎？讓我們一起在家進行車輛運動吧！\n\n無論你喜歡短途騎行、慢跑、或是簡單地在公園裡享受騎車的樂趣，都能獲得身心健康的好處。\n\n只需一台自行車，幾個小時的運動，就能提升心肺功能，增強體質，並讓你心情更愉快。\n\n在家也能輕鬆安排，不用準備地點，隨時隨地都可以進行。\n\n準備好，從現在開始，為您的健康目標加油！','/images/pp3-1749286254678.jpg','台北市中山區民生東路三段67號',30,0.00,'2025-07-13 16:00:00.000000','PUBLISHED','高山騎腳踏車缺缺缺',1),(7,'2025-06-07 16:53:28.271789','2025-06-07 16:53:28.271789','東部地區的週日，歡迎你來體驗精彩展覽！\n\n週日的午後，東部大地上，將會出現一場充滿活力的展覽盛會。\n\n準備好探索多元的文化、技術與創意了嗎？展覽將會呈現出令人驚豔的商品、精美的作品與引人入勝的知識。\n\n無論你是藝術愛好者、科技entusiast，或是尋求新的體驗，這裡都有值得一看的展覽。\n\n邀請你一同感受節日的熱情，享受美好的時光。\n\n我們期待與你一同參與這場精彩的活動！','/images/pp3-1749286408257.jpg','台北市中山區民生東路三段67號',30,50.00,'2025-07-24 16:00:00.000000','PUBLISHED','歷史展覽揭開過去',1),(8,'2025-06-07 16:54:28.271789',NULL,'這是一段簡單描述文字這是一段簡單描述文字這是一段簡單描述文字這是一段簡單描述文字','/images/fakeImage(45).jpg','台北市中山區民生東路三段67號',34,120.00,'2025-07-20 14:00:00.000000','PUBLISHED','活動缺人快加入',2),(9,'2025-06-07 16:55:28.271789',NULL,'這是一段簡單描述文字這是一段簡單描述文字這是一段簡單描述文字這是一段簡單描述文字','/images/fakeImage(88).jpg','台北市中山區民生東路三段67號',102,0.00,'2025-07-22 09:30:00.000000','PUBLISHED','活動缺人快加入',4),(10,'2025-06-07 17:00:00.000000',NULL,'週六在東部的Cosplay活動，快來變裝同樂吧！週六在東部的Cosplay活動，快來變裝同樂吧！','/images/fakeImage(72).jpg','台北市中山區民生東路三段67號',87,250.00,'2025-07-20 15:00:00.000000','PUBLISHED','東部Cosplay週六登場東部Cosplay週六登場',3),(11,'2025-06-07 17:01:00.000000',NULL,'週日北部KTV派對，唱歌放鬆好時光！週日北部KTV派對，唱歌放鬆好時光！','/images/fakeImage(18).jpg','台北市中山區民生東路三段67號',41,90.00,'2025-07-21 18:30:00.000000','PUBLISHED','北部KTV週日之夜北部KTV週日之夜',1),(12,'2025-06-04 13:15:21.000000',NULL,'中部週四的DIY創作派對來啦！一起動手打造專屬作品，適合所有年齡層參加，一同享受手作的樂趣與成就感。','/images/fakeImage(36).jpg','台北市中山區民生東路三段67號',73,150.00,'2025-07-22 10:00:00.000000','PUBLISHED','週四DIY手作創意派對',2),(13,'2025-06-05 09:32:54.000000',NULL,'免費的南部語言交流聚會，讓你在輕鬆的氛圍中學習語言、認識朋友。歡迎各種語言程度的你加入！','/images/fakeImage(91).jpg','台北市中山區民生東路三段67號',39,0.00,'2025-07-25 19:30:00.000000','PUBLISHED','語言交流週五免費開放',1),(14,'2025-06-07 18:00:00.000000',NULL,'北部的週二動漫迷集合啦！這是一場屬於大家的動漫交流會，歡迎 cosplay、交流收藏與同好結識！','/images/fakeImage(42).jpg','台北市中山區民生東路三段67號',36,90.00,'2025-07-26 14:00:00.000000','PUBLISHED','動漫同好交流日',2),(15,'2025-06-07 18:00:01.000000',NULL,'戶外運動週三開跑，中部熱愛山林的朋友們一起參加輕登山活動，舒展筋骨、親近自然不容錯過！！','/images/fakeImage(113).jpg','台北市中山區民生東路三段67號',17,50.00,'2025-07-30 07:30:00.000000','PUBLISHED','輕鬆戶外登山趣',3),(16,'2025-06-07 18:00:02.000000',NULL,'週日來線上學習吧！這是一場志工線上培訓，透過互動教學認識社會議題並提升行動力。','/images/fakeImage(24).jpg','台北市中山區民生東路三段67號',13,0.00,'2025-07-31 20:00:00.000000','PUBLISHED','線上志工培訓日',4),(17,'2025-06-07 18:00:03.000000',NULL,'熱愛KTV的朋友別錯過！中部週一夜晚聚會，大家一起來飆歌，釋放工作壓力超舒壓。。','/images/fakeImage(109).jpg','台北市中山區民生東路三段67號',40,180.00,'2025-07-28 19:00:00.000000','PUBLISHED','週一KTV歡唱夜',1),(18,'2025-06-07 18:00:04.000000',NULL,'如果你喜歡動態的學習方式，那麼來這場語言學習活動吧！與同樣熱愛語言的人互動交流，輕鬆學習新語言，還能認識很多朋友！','/images/fakeImage(32).jpg','台北市中山區民生東路三段67號',30,0.00,'2025-07-25 16:00:00.000000','PUBLISHED','語言交流學習營',3),(19,'2025-06-07 18:00:05.000000',NULL,'這是週六的戶外運動聚會！活動內容包括徒步旅行、戶外瑜伽，讓你擁抱自然，釋放壓力，還有新朋友一起加入！','/images/fakeImage(89).jpg','台中市南區建國北路二段95號',20,150.00,'2025-08-02 09:00:00.000000','PUBLISHED','週六戶外運動日',1),(20,'2025-06-07 18:00:06.000000',NULL,'這是一場關於熱愛動漫的聚會，無論你是動漫新手還是老玩家，都能在這裡找到志同道合的夥伴！我們將展示最新的動畫系列，並討論最受歡迎的角色。來一起享受一個充滿動畫熱情的下午吧！','/images/fakeImage(34).jpg','台北市中正區博愛路30號',25,100.00,'2025-07-10 14:00:00.000000','PUBLISHED','動漫愛好者交流會，與動漫迷一起探討最新劇集！',4),(21,'2025-06-07 18:00:07.000000',NULL,'來參加這場充滿創意的DIY工作坊！無論你是藝術高手還是手工新手!都能在這裡發揮你的創造力，製作獨一無二的手工藝品。我們提供所有必要的材料，保證你玩得開心又學到新技巧！','/images/fakeImage(35).jpg','高雄市苓雅區建國二路99號',20,200.00,'2025-08-01 10:00:00.000000','PUBLISHED','創意DIY工作坊，打造屬於你的藝術品！',4),(22,'2025-06-07 18:00:08.000000',NULL,'這場充滿挑戰與樂趣的桌遊活動，將帶你進入一個多元化的遊戲世界。無論你是喜愛策略遊戲還是團隊合作遊戲，都能找到適合自己的遊戲！快來和朋友一起參加吧！','/images/fakeImage(36).jpg','台北市信義區市府路45號',30,0.00,'2025-07-15 13:00:00.000000','PUBLISHED','策略桌遊挑戰賽，與好友一較高下！',2),(23,'2025-06-07 18:00:09.000000',NULL,'在這場美食與文化的盛宴中，你將能品嚐到各式各樣的道地美食，還可以認識來自世界各地的美食愛好者！活動包含烹飪教學、品嚐與文化交流等精彩內容。','/images/fakeImage(37).jpg','台中市西區建國路102號',40,300.00,'2025-07-20 11:00:00.000000','PUBLISHED','美食文化交流日，享受舌尖上的旅行！',3),(24,'2025-06-07 18:00:10.000000',NULL,'這是一場充滿活力的運動賽事，無論是跑步、瑜伽還是攀岩，都能讓你全身心放鬆並挑戰自我。快來參加我們的運動大挑戰吧！','/images/fakeImage(38).jpg','新北市板橋區文化路一段150號',35,0.00,'2025-07-12 09:00:00.000000','PUBLISHED','運動挑戰賽，迎接身體的極限！',1),(25,'2025-06-07 18:00:11.000000',NULL,'這場活動將帶你進入一個奇妙的手工藝世界！！在這裡，你將學會製作精美的陶藝和玻璃工藝品，讓你的雙手創造出獨一無二的藝術品！','/images/fakeImage(39).jpg','桃園市中壢區中山路123號',20,150.00,'2025-07-25 14:00:00.000000','PUBLISHED','手工藝陶藝工作坊，創造屬於你的藝術品！',4),(26,'2025-06-07 18:00:12.000000',NULL,'這是一場針對攝影愛好者的戶外拍攝活動，我們將帶你去探索城市中的美麗景點，並學習如何拍攝出色的照片。快來一起捕捉最美的瞬間吧！','/images/fakeImage(40).jpg','台中市北區中華路二段201號',25,0.00,'2025-07-18 14:00:00.000000','PUBLISHED','攝影愛好者戶外拍攝活動',2),(27,'2025-06-07 18:00:13.000000',NULL,'這是一次與美食愛好者一起探索世界各地料理的機會。我們將學習如何烹飪道地的意大利麵、法國麵包等經典菜式，還能一起品嚐！','/images/fakeImage(41).jpg','台南市東區文化街88號',30,150.00,'2025-07-25 18:00:00.000000','PUBLISHED','國際料理學習班，品味世界的美味！',3),(28,'2025-06-07 18:00:14.000000',NULL,'加入我們的動漫狂熱活動！這是一場動漫迷的集結，將展示最新的動漫作品，還有 coser 扮演人物、動漫周邊販售等精彩活動等你來參加！','/images/fakeImage(42).jpg','高雄市前鎮區建國二路150號',40,0.00,'2025-08-15 13:00:00.000000','PUBLISHED','動漫狂熱派對，與動漫迷一起嗨！',4),(29,'2025-06-07 18:00:15.000000',NULL,'來參加這場免費的運動健康講座吧！我們將為你介紹如何維持身體健康，並提供一對一的健身諮詢，讓你擁有更健康的生活！','/images/fakeImage(43).jpg','台北市士林區中正路25號',20,0.00,'2025-07-30 19:00:00.000000','PUBLISHED','健康生活運動講座，讓你更健康！',1),(30,'2025-06-07 18:00:16.000000',NULL,'這場為期兩天的桌遊大賽邀請所有喜愛桌遊的玩家來一起比拼！無論你喜歡策略、推理還是團隊合作的遊戲，都能在這裡找到自己的舞台！','/images/fakeImage(44).jpg','新竹市東區大學路220號',35,0.00,'2025-08-07 10:00:00.000000','PUBLISHED','桌遊大賽，與高手一較高下！',2),(31,'2025-06-07 18:00:17.000000',NULL,'這是一場針對寵物愛好者設計的聚會。我們將展示各種寵物用品，並邀請專家來分享如何照顧寵物的技巧，讓你的寵物更健康快樂！','/images/fakeImage(45).jpg','台中市南區建國南路125號',40,0.00,'2025-07-25 16:00:00.000000','PUBLISHED','寵物愛好者聚會，與你的毛小孩一起快樂！',3),(32,'2025-06-07 18:00:18.000000',NULL,'這是一場以提升語言技能為主題的工作坊。我們將帶你進行互動練習，並分享學習新語言的有效方法，讓你的語言能力更上一層樓！','/images/fakeImage(46).jpg','台北市中山區民生東路三段45號',20,0.00,'2025-07-20 11:00:00.000000','PUBLISHED','語言學習工作坊，提升你的語言能力！',4),(33,'2025-06-07 18:00:19.000000',NULL,'在這場關於家庭烹飪的活動中，我們將展示如何準備簡單又健康的家常菜，還有專業的廚師來指導，讓你學會做出美味可口的家常菜！','/images/fakeImage(47).jpg','台北市信義區光復南路118號',25,0.00,'2025-08-05 14:00:00.000000','PUBLISHED','家庭烹飪工作坊，學會家常菜！',1),(34,'2025-06-07 18:00:20.000000',NULL,'這是一場運動迷的盛會！在這裡，你可以參加各種挑戰賽，如跑步、籃球、羽毛球等，並與其他運動愛好者交流，挑戰自己的極限！','/images/fakeImage(48).jpg','台南市北區新生路199號',30,0.00,'2025-07-12 09:00:00.000000','PUBLISHED','運動挑戰賽，迎接身體的極限！！！',2),(35,'2025-06-07 18:00:21.000000',NULL,'這場藝術展覽將展示當代藝術家的創作，無論你是藝術愛好者還是對當代藝術有興趣的人，都能在這裡找到值得思考和欣賞的作品。','/images/fakeImage(49).jpg','台北市松山區光復北路8號',50,0.00,'2025-08-10 13:00:00.000000','PUBLISHED','當代藝術展覽：欣賞現代藝術家的創意與作品！',3),(36,'2025-06-07 18:00:22.000000',NULL,'這是一場熱愛戶外活動的人聚會，我們將進行一系列有趣的戶外挑戰，包括登山、露營、攀岩等，讓你和朋友一起挑戰自然！','/images/fakeImage(50).jpg','高雄市岡山區自由路112號',30,0.00,'2025-07-30 08:00:00.000000','PUBLISHED','戶外挑戰大冒險，挑戰大自然的極限！',4),(37,'2025-06-07 18:00:23.000000',NULL,'這是一個關於自我提升的工作坊，主要探討如何通過正念冥想來提升自己的專注力與情緒管理技巧，讓你的心靈更加平靜！','/images/fakeImage(51).jpg','台中市南區建國路二段45號',25,0.00,'2025-07-18 10:00:00.000000','PUBLISHED','正念冥想工作坊，幫助你提升專注力與情緒管理！',1),(38,'2025-06-07 18:00:24.000000',NULL,'這是一場針對初學者的跑步訓練營，無論你是從未跑過步還是想提升速度和耐力，我們將提供適合每個人的訓練計劃！','/images/fakeImage(52).jpg','台北市信義區忠孝東路五段235號',20,0.00,'2025-08-03 07:00:00.000000','PUBLISHED','跑步訓練營：從新手到專業的進階之路！',2),(39,'2025-06-07 18:00:25.000000',NULL,'這場專為年輕創業者舉辦的聚會，將討論如何創立自己的公司、如何籌集資金以及如何進行市場行銷。快來交流與分享！','/images/fakeImage(53).jpg','新北市板橋區文化路三段178號',40,0.00,'2025-07-26 14:00:00.000000','PUBLISHED','創業者聚會：學習創業技巧，拓展你的商業視野！',3),(40,'2025-06-07 18:00:26.000000',NULL,'這是一場針對音樂愛好者的聚會，無論你是樂器玩家還是熱愛音樂的觀眾，都可以在這裡找到共鳴，享受音樂的魅力！','/images/fakeImage(54).jpg','台北市大安區信義路四段80號',30,0.00,'2025-07-21 19:00:00.000000','PUBLISHED','音樂愛好者聚會：讓我們一起享受音樂的美好時光！',1),(41,'2025-06-07 18:00:27.000000',NULL,'這是一次動手做的美食教室，學會如何烹飪地道的義大利麵，還能品嚐自己做的美味料理，來一起開心動手吧！','/images/fakeImage(55).jpg','台中市北區建國路一段56號',15,500.00,'2025-07-28 11:00:00.000000','PUBLISHED','義大利麵烹飪班：親手做義大利麵，享受美食的樂趣！',2),(42,'2025-06-07 18:00:28.000000',NULL,'來參加這場攝影愛好者聚會，我們將帶你深入了解攝影技巧，並在現場實踐，創造出令人驚艷的攝影作品！','/images/fakeImage(56).jpg','高雄市左營區文心路45號',20,0.00,'2025-07-15 09:00:00.000000','PUBLISHED','攝影愛好者聚會：學習攝影技巧，創作完美作品！',3),(43,'2025-06-07 18:00:29.000000',NULL,'如果你對舞蹈有興趣，來參加這場舞蹈課程吧！專業老師將帶你學習從基礎到進階的舞蹈技巧，體驗身體的自由！','/images/fakeImage(57).jpg','新北市永和區中正路78號',25,0.00,'2025-08-05 17:00:00.000000','PUBLISHED','舞蹈學習班：從基礎到進階，讓舞動成為生活的一部分！',4),(44,'2025-06-07 18:00:30.000000',NULL,'這場設計思維工作坊將帶你了解如何應用設計思維來解決現實生活中的問題，提升創意與解決問題的能力！','/images/fakeImage(58).jpg','台北市大安區和平東路一段122號',30,0.00,'2025-07-17 10:00:00.000000','PUBLISHED','設計思維工作坊：學習創新思維，解決各種挑戰！',1),(45,'2025-06-07 18:00:31.000000',NULL,'這是一場針對植物愛好者的聚會，我們將一起學習如何栽種和照顧室內植物，為你的家居增添綠意，放鬆心情！','/images/fakeImage(59).jpg','台中市南區建國北路89號',15,0.00,'2025-08-09 10:00:00.000000','PUBLISHED','室內植物栽種班：讓綠意點綴生活，輕鬆學會植物照護！',2),(46,'2025-06-07 18:00:32.000000',NULL,'這場時尚穿搭分享會將介紹今年最流行的服飾和搭配技巧，無論你是時尚達人還是對穿搭感興趣的人都不要錯過！','/images/fakeImage(60).jpg','新北市中和區建國路四段112號',30,0.00,'2025-07-22 14:00:00.000000','PUBLISHED','時尚穿搭分享會：學會搭配技巧，讓你成為街頭焦點！',3),(47,'2025-06-07 18:00:33.000000',NULL,'這是一次為期兩天的桌遊大會，數十款熱門桌遊等你來挑戰，與來自各地的桌遊愛好者交流，玩得盡興！','/images/fakeImage(61).jpg','台北市中山區長安東路一段30號',50,0.00,'2025-08-12 13:00:00.000000','PUBLISHED','桌遊大會：挑戰你的策略與運氣，玩轉桌遊世界！',4),(48,'2025-06-07 18:00:34.000000',NULL,'這場社交舞蹈活動將邀請舞蹈愛好者一起學習舞蹈，從基本步伐到進階技巧，讓你在舞池中大放光彩！','/images/fakeImage(62).jpg','高雄市三民區民主路21號',20,0.00,'2025-07-18 20:00:00.000000','PUBLISHED','社交舞蹈活動：學舞步，展現自我風采！',2),(49,'2025-06-07 18:00:35.000000',NULL,'這是一場針對電影愛好者的影評交流會，我們將討論最新上映的電影，分享自己的觀後感，擴展電影視野！','/images/fakeImage(63).jpg','新竹市東區光復路三段7號',30,0.00,'2025-07-24 16:00:00.000000','PUBLISHED','電影影評交流會：一起分享影評，深入了解每部影片！',1),(50,'2025-06-07 18:00:36.000000',NULL,'這場免費的手作藝術課程將教你如何製作精美的首飾，讓你動手創作自己的藝術品，並將其帶回家做紀念！','/images/fakeImage(64).jpg','台中市西區中華路三段98號',15,0.00,'2025-07-12 11:00:00.000000','PUBLISHED','手作首飾藝術班：創作屬於自己的精美首飾！',3),(51,'2025-06-07 18:00:37.000000',NULL,'這是一次全新的動漫交流會，將討論當季最熱的動漫作品，與粉絲們一起分享對動漫世界的熱愛和想法！','/images/fakeImage(65).jpg','台北市信義區松山路23號',40,0.00,'2025-08-01 18:00:00.000000','PUBLISHED','動漫交流會：一起探索最熱動漫，與其他粉絲一起分享樂趣！',2),(52,'2025-06-07 18:00:38.000000',NULL,'如果你對電子遊戲有興趣，這場電子競技比賽就是你不容錯過的盛會！來展示你的遊戲技巧，挑戰最強對手！','/images/fakeImage(66).jpg','新北市板橋區府中路101號',30,0.00,'2025-07-20 14:00:00.000000','PUBLISHED','電子競技大賽：挑戰最強遊戲玩家，拿下勝利！',1),(53,'2025-06-07 18:00:39.000000',NULL,'這場針對攝影新手的入門課程將帶你了解基礎攝影技巧，從構圖到光影運用，讓你輕鬆上手，捕捉精彩瞬間！','/images/fakeImage(67).jpg','台中市西區建國路二段64號',20,0.00,'2025-07-30 09:00:00.000000','PUBLISHED','攝影入門課程：學基礎攝影技巧，捕捉每一刻的美麗！',3),(54,'2025-06-07 18:00:40.000000',NULL,'來參加這場瑜伽課程，專業瑜伽老師將帶領大家進行一系列的瑜伽練習，提升你的柔韌性和心靈平靜！','/images/fakeImage(68).jpg','高雄市鼓山區蓮池潭路38號',25,0.00,'2025-08-03 08:00:00.000000','PUBLISHED','瑜伽晨練班：放鬆身心，讓瑜伽帶來身心平衡！',4),(55,'2025-06-07 18:00:41.000000',NULL,'這場旅遊講座將分享如何規劃一場完美的國內旅行，帶領你探索隱藏的景點和旅遊小技巧！','/images/fakeImage(69).jpg','台南市東區府前路二段120號',30,0.00,'2025-07-18 16:00:00.000000','PUBLISHED','國內旅遊講座：規劃完美旅行，探索隱藏景點！',2),(56,'2025-06-07 18:00:42.000000',NULL,'這是一場為期兩天的免費攝影攝像技能提升班，無論你是初學者還是有經驗的攝影師，都能學到新技巧！','/images/fakeImage(70).jpg','新竹市北區光復路二段55號',30,0.00,'2025-08-07 10:00:00.000000','PUBLISHED','免費攝影攝像技能提升班：提升你的攝影技巧，捕捉動人瞬間！',3),(57,'2025-06-07 18:00:43.000000',NULL,'這場漫畫繪製課程將教你如何從草圖到完成作品，老師會手把手教學，幫你快速掌握漫畫繪畫技巧！','/images/fakeImage(71).jpg','台北市中正區羅斯福路一段25號',20,0.00,'2025-08-11 14:00:00.000000','PUBLISHED','漫畫繪製入門班：學習漫畫繪製技巧，表達你的創意！',1),(58,'2025-06-07 18:00:44.000000',NULL,'這場素食料理體驗班將介紹如何製作健康美味的素食料理，讓你不僅可以嘗試新食譜，還能享受美味的素食大餐！','/images/fakeImage(72).jpg','台中市南區建國路一段150號',20,0.00,'2025-07-22 18:00:00.000000','PUBLISHED','素食料理體驗班：健康美味素食，開啟你的美食之旅！',4),(59,'2025-06-07 18:00:45.000000',NULL,'這是一場針對志工的專業培訓班，將教授如何有效地幫助他人，並提供實用的志工工作技巧和方法！','/images/fakeImage(73).jpg','台北市松山區八德路四段102號',30,0.00,'2025-07-26 13:00:00.000000','PUBLISHED','志工專業培訓班：學會幫助他人，成為更有影響力的志工！',2),(60,'2025-06-07 18:00:46.000000',NULL,'這場針對家庭親子活動的聚會將有許多互動遊戲和有趣的DIY製作，幫助孩子們學習創意與團隊合作！','/images/fakeImage(74).jpg','高雄市三民區建國路三段22號',40,0.00,'2025-08-04 10:00:00.000000','PUBLISHED','親子互動活動：家庭一起來動手玩遊戲，培養創意與合作！',3),(61,'2025-06-07 18:00:47.000000',NULL,'這是一次專業的手工藝品展覽，展示來自各地的精美手工藝品，無論你是愛好者還是收藏家，都能找到喜愛的作品！！','/images/fakeImage(75).jpg','台南市安平區國際大道22號',50,0.00,'2025-08-06 09:00:00.000000','PUBLISHED','手工藝品展覽：精美手工藝品，邀你一起來欣賞和收藏！',4),(62,'2025-06-07 18:00:48.000000',NULL,'參加這場手作DIY活動，學習如何使用簡單材料創造出美麗的手工藝品，增添你的生活藝術感！','/images/fakeImage(76).jpg','新竹市東區民族路200號',30,0.00,'2025-08-05 10:00:00.000000','PUBLISHED','手作DIY課程：用創意創作美麗手工藝，增添生活藝術感！',1),(63,'2025-06-07 18:00:49.000000',NULL,'這場關於環保與可持續發展的講座將探討我們如何為地球做出貢獻，讓你了解更多環保知識與實踐方法！','/images/fakeImage(77).jpg','台中市南區建國路二段200號',50,0.00,'2025-08-09 14:00:00.000000','PUBLISHED','環保與可持續發展講座：學習如何為地球做出貢獻！',3),(64,'2025-06-07 18:00:50.000000',NULL,'這場音樂會將呈現各式各樣的音樂風格，包括古典、爵士、現代流行等，保證讓你享受一場音樂的盛宴！','/images/fakeImage(78).jpg','高雄市左營區蓮池潭路30號',100,0.00,'2025-07-28 19:00:00.000000','PUBLISHED','音樂會：享受古典與現代音樂的精彩演出！',4),(65,'2025-06-07 18:00:51.000000',NULL,'這是一次體驗攀岩運動的機會，無論是新手還是有經驗的攀岩愛好者，都可以在這裡找到樂趣與挑戰！','/images/fakeImage(79).jpg','台北市士林區大崗山65號',30,0.00,'2025-07-24 09:00:00.000000','PUBLISHED','攀岩體驗課程：挑戰自我，攀登高峰！',2),(66,'2025-06-07 18:00:52.000000',NULL,'來參加這場關於數位行銷的工作坊，學習如何提高你的品牌曝光率，掌握當前行銷的最新趨勢與技巧！','/images/fakeImage(80).jpg','台北市大安區光復南路120號',40,0.00,'2025-08-12 10:00:00.000000','PUBLISHED','數位行銷工作坊：掌握行銷趨勢，提升品牌曝光率！',1),(67,'2025-06-07 18:00:53.000000',NULL,'這場自然攝影工作坊將帶你走進大自然，學習如何捕捉野生動物和風景的美麗，並使用合適的攝影技術！','/images/fakeImage(81).jpg','新北市瑞芳區九份老街',20,0.00,'2025-08-15 07:00:00.000000','PUBLISHED','自然攝影工作坊：捕捉大自然的美麗瞬間，學習專業攝影技巧！',3),(68,'2025-06-07 18:00:54.000000',NULL,'這是一場專為青少年設計的領袖培訓營，幫助他們提高領導力、溝通技巧和解決問題的能力，為未來奠定基礎！','/images/fakeImage(82).jpg','台中市北區民族路二段55號',25,0.00,'2025-07-29 09:00:00.000000','PUBLISHED','青少年領袖培訓營：提升領導力與解決問題的能力！',4),(69,'2025-06-07 18:00:55.000000',NULL,'這場針對藝術愛好者的展覽展示了當代藝術家的作品，讓你親眼見識到當前藝術界的創新與突破！','/images/fakeImage(83).jpg','高雄市苓雅區中山路22號',60,0.00,'2025-08-20 12:00:00.000000','PUBLISHED','當代藝術展覽：欣賞創新與突破，展現藝術的力量！',2),(70,'2025-06-07 18:00:56.000000',NULL,'這場針對時尚與美容的工作坊將教授化妝技巧、服裝搭配等，讓你學會如何塑造自己的獨特風格！','/images/fakeImage(84).jpg','台北市中山區長安東路一段100號',30,0.00,'2025-07-19 14:00:00.000000','PUBLISHED','時尚與美容工作坊：提升你的化妝技巧，塑造專屬風格！',1),(71,'2025-06-07 18:00:57.000000',NULL,'這是一次有趣的社交活動，讓來自不同背景的人相互認識、交流，擴展你的人脈圈，結交新朋友！','/images/fakeImage(85).jpg','新竹市北區光復路二段10號',40,0.00,'2025-08-04 16:00:00.000000','PUBLISHED','社交聚會：結交新朋友，拓展你的人脈圈！',3),(72,'2025-06-07 18:00:58.000000',NULL,'這場親子繪畫活動將激發孩子們的創造力與想像力，帶著孩子一同來動手畫畫，創作屬於自己的藝術作品！','/images/fakeImage(86).jpg','高雄市左營區建國路一段120號',25,0.00,'2025-07-22 10:00:00.000000','PUBLISHED','親子繪畫活動：孩子與家長一起創作屬於自己的藝術作品！',4),(73,'2025-06-07 18:00:59.000000',NULL,'這場室內健身課程將帶領大家進行有效的全身鍛鍊，無論是增肌還是減脂，讓你塑造理想的身材！','/images/fakeImage(87).jpg','台北市內湖區成功路二段58號',30,0.00,'2025-08-10 18:00:00.000000','PUBLISHED','室內健身課程：全身鍛鍊，塑造健康身材！',2),(74,'2025-06-07 18:01:00.000000',NULL,'這是一場探索極限運動的活動，從滑雪到衝浪，無論你是新手還是高手，都能體驗極限運動的樂趣與挑戰！','/images/fakeImage(88).jpg','台北市大安區安和路一段56號',30,0.00,'2025-08-03 11:00:00.000000','PUBLISHED','極限運動挑戰賽：體驗滑雪與衝浪的樂趣，挑戰自我！',1),(75,'2025-06-07 18:01:01.000000',NULL,'這場植物栽培工作坊將教授如何選擇和照顧家中植物，讓你成為一名植物照護專家，讓家裡充滿綠意！','/images/fakeImage(89).jpg','台中市南區中華路二段32號',25,0.00,'2025-07-23 10:00:00.000000','PUBLISHED','植物栽培工作坊：學習照顧植物，讓家裡充滿綠意！',4),(76,'2025-06-07 18:01:02.000000',NULL,'這是一次電影愛好者的聚會，來與同好一起討論經典影片，並分享你對各種電影的看法與感受！','/images/fakeImage(90).jpg','新竹市東區光復路一段40號',30,0.00,'2025-08-15 19:00:00.000000','PUBLISHED','電影愛好者聚會：討論經典影片，分享你的電影見解！',1),(77,'2025-06-07 18:01:03.000000',NULL,'來參加這場有趣的烹飪班，學習如何製作地道的義大利麵，並品嚐自己親手做的美味佳餚！','/images/fakeImage(91).jpg','台中市北區中興路三段100號',25,0.00,'2025-08-18 14:00:00.000000','PUBLISHED','義大利麵烹飪班：學習製作美味義大利麵，享受手作樂趣！',2),(78,'2025-06-07 18:01:04.000000',NULL,'這是一場專為初學者設計的瑜伽入門課程，幫助你放鬆身心、增強柔韌性，讓你從內到外感受到平靜！','/images/fakeImage(92).jpg','新北市板橋區文化路二段128號',20,0.00,'2025-08-09 08:00:00.000000','PUBLISHED','瑜伽入門課程：放鬆身心，增強柔韌性，釋放壓力！',3),(79,'2025-06-07 18:01:05.000000',NULL,'來參加這場專業的攝影技巧提升班，學習如何在各種不同的光線條件下拍攝出完美的照片，提升你的攝影技能！','/images/fakeImage(93).jpg','高雄市鼓山區蓮池潭大道10號',20,0.00,'2025-08-12 10:00:00.000000','PUBLISHED','攝影技巧提升班：學習拍攝技巧，提升攝影技能！',4),(80,'2025-06-07 18:01:06.000000',NULL,'這是一場針對創業者的工作坊，提供關於如何策劃商業計劃、吸引投資者及管理企業的實用建議！','/images/fakeImage(94).jpg','台北市信義區松仁路45號',30,0.00,'2025-08-13 09:00:00.000000','PUBLISHED','創業工作坊：策劃商業計劃，吸引投資者，管理企業！',2),(81,'2025-06-07 18:01:07.000000',NULL,'這場美食節將展示世界各地的經典美食，讓你品嚐到不同國家的特色菜餚，滿足你對食物的所有渴望！','/images/fakeImage(95).jpg','新竹市西區建國路二段56號',50,0.00,'2025-08-10 12:00:00.000000','PUBLISHED','世界美食節：品嚐經典美食，享受舌尖上的旅行！',1),(82,'2025-06-07 18:01:08.000000',NULL,'參加這場針對父母的育兒講座，學習如何更好地與孩子溝通，並了解如何培養孩子的情感和學業能力！','/images/fakeImage(96).jpg','台中市西區建國北路50號',40,0.00,'2025-08-05 16:00:00.000000','PUBLISHED','育兒講座：學習如何與孩子溝通，培養情感與學業能力！',4),(83,'2025-06-07 18:01:09.000000',NULL,'這場時尚拍照工作坊將教你如何打造自己的時尚風格，並學習如何擺姿勢拍攝出最好的照片！','/images/fakeImage(97).jpg','台北市大安區敦化南路二段33號',30,0.00,'2025-08-08 15:00:00.000000','PUBLISHED','時尚拍照工作坊：學習擺姿勢，拍出最美的時尚照！',1),(84,'2025-06-07 18:01:10.000000',NULL,'這場圓頂劇場的演出將帶給觀眾一場奇幻的音樂劇體驗，展現音樂、舞蹈與戲劇的完美融合！','/images/fakeImage(98).jpg','高雄市三民區建國二路50號',80,0.00,'2025-08-01 18:00:00.000000','PUBLISHED','音樂劇演出：音樂與舞蹈的完美結合，感受奇幻劇場魅力！',3),(85,'2025-06-07 18:01:11.000000',NULL,'來參加這場專為女性設計的自信提升課程，學習如何增強自我肯定，發揮自己的內在魅力，成為更好的自己！','/images/fakeImage(99).jpg','新北市淡水區中正路77號',25,0.00,'2025-08-18 10:00:00.000000','PUBLISHED','女性自信提升課程：發揮內在魅力，成為更好的自己！',4),(86,'2025-06-07 18:01:12.000000',NULL,'參加這場數位攝影工作坊，學習如何使用數位相機拍攝高質量的照片，提升你的攝影技巧，並與他人分享攝影經驗！','/images/fakeImage(100).jpg','台中市南區建國路三段45號',30,0.00,'2025-08-20 13:00:00.000000','PUBLISHED','數位攝影工作坊：提升攝影技巧，學習數位相機拍攝技巧！',1),(87,'2025-06-07 18:01:13.000000',NULL,'來參加這場烘焙課程，學習製作美味的手工蛋糕，掌握蛋糕裝飾技巧，讓你能夠在家製作專業級的甜點！','/images/fakeImage(101).jpg','新北市三重區中正北路22號',20,0.00,'2025-08-14 14:00:00.000000','PUBLISHED','手工蛋糕烘焙課程：學習製作專業級的手工蛋糕！',2),(88,'2025-06-07 18:01:14.000000',NULL,'參加這場針對創業者的資金管理講座，學習如何規劃和管理你的創業資金，讓你的事業從資金的角度順利運行！','/images/fakeImage(102).jpg','台北市內湖區民權東路六段100號',40,0.00,'2025-08-22 16:00:00.000000','PUBLISHED','創業資金管理講座：學習如何管理創業資金，讓事業順利起飛！',3),(89,'2025-06-07 18:01:15.000000',NULL,'這是一場專為初學者設計的陶藝課程，學習如何運用陶土製作美麗的陶藝作品，並體驗手工創作的樂趣！','/images/fakeImage(103).jpg','高雄市前金區中華路一段55號',15,0.00,'2025-08-11 10:00:00.000000','PUBLISHED','陶藝入門課程：學習製作陶藝作品，體驗手工創作樂趣！',4),(90,'2025-06-07 18:01:16.000000',NULL,'來參加這場針對健康的瑜伽與冥想課程，學習如何透過冥想來釋放壓力，並提升整體身心健康！','/images/fakeImage(104).jpg','新竹市北區東光路60號',25,0.00,'2025-08-19 08:00:00.000000','PUBLISHED','瑜伽與冥想課程：學習冥想，釋放壓力，提升身心健康！',1),(91,'2025-06-07 18:01:17.000000',NULL,'這場企業領導力發展課程將幫助您提升在團隊中的領導能力，學習如何激勵和帶領團隊達成目標！','/images/fakeImage(105).jpg','台中市南區建國北路100號',30,0.00,'2025-08-17 14:00:00.000000','PUBLISHED','企業領導力發展課程：提升領導能力，帶領團隊成功！',2),(92,'2025-06-07 18:01:18.000000',NULL,'參加這場音樂製作工作坊，學習如何使用音樂製作軟件創作和編排音樂，成為你的創意音樂的製作人！','/images/fakeImage(106).jpg','台北市中正區忠孝西路一段45號',20,0.00,'2025-08-25 13:00:00.000000','PUBLISHED','音樂製作工作坊：學習創作音樂，成為音樂製作人！',3),(93,'2025-06-07 18:01:19.000000',NULL,'這場親子共讀活動將帶領父母和孩子一起探索不同的繪本故事，促進親子關係並增進孩子的閱讀興趣！','/images/fakeImage(107).jpg','新北市樹林區文化路10號',20,0.00,'2025-08-28 10:00:00.000000','PUBLISHED','親子共讀活動：探索繪本故事，增進親子關係！',4),(94,'2025-06-07 18:01:20.000000',NULL,'參加這場專為女性設計的自我保護課程，學習如何在危險情況下保護自己，增強自己的自信與安全感！','/images/fakeImage(108).jpg','台北市松山區敦化南路三段60號',20,0.00,'2025-08-30 14:00:00.000000','PUBLISHED','女性自我保護課程：學習自我保護技巧，增強安全感！',2),(95,'2025-06-07 18:01:21.000000',NULL,'這是一場專為狗主人設計的寵物訓練課程，學習如何與你的狗狗建立更好的溝通，並訓練它們基本指令！','/images/fakeImage(109).jpg','高雄市左營區自由路45號',15,0.00,'2025-08-26 10:00:00.000000','PUBLISHED','寵物訓練課程：學習與狗狗溝通，訓練基本指令！',4),(96,'2025-06-07 18:01:22.000000',NULL,'來參加這場針對健康飲食的講座，學習如何設計營養均衡的餐單，讓你擁有更健康的生活方式！','/images/fakeImage(110).jpg','台中市西屯區福星路12號',30,0.00,'2025-08-18 16:00:00.000000','PUBLISHED','健康飲食與營養設計：學習設計營養均衡餐單，提升生活質量！',1),(97,'2025-06-07 18:01:23.000000',NULL,'參加這場針對初學者的魔術入門課程，學習如何利用簡單的道具表演精彩的魔術，讓你成為派對的焦點！','/images/fakeImage(111).jpg','高雄市苓雅區建國路三段101號',20,0.00,'2025-08-22 10:00:00.000000','PUBLISHED','魔術入門課程：學習簡單道具表演精彩魔術，成為派對焦點！',3),(98,'2025-06-07 18:01:24.000000',NULL,'來參加這場全身瑜伽課程，練習如何透過瑜伽緩解壓力，改善你的身體柔韌性，提升身心平衡！','/images/fakeImage(112).jpg','新北市板橋區文化路二段35號',30,0.00,'2025-08-26 07:00:00.000000','PUBLISHED','全身瑜伽課程：練習瑜伽，改善身體柔韌性，釋放壓力！',2),(99,'2025-06-07 18:01:25.000000',NULL,'這是一場專為攝影愛好者設計的野外攝影活動，帶你走進大自然，捕捉動植物的精彩瞬間，提升拍攝技巧！','/images/fakeImage(113).jpg','桃園市中壢區新屋鄉沙崙大路75號',25,0.00,'2025-08-31 06:00:00.000000','PUBLISHED','野外攝影體驗活動：學習在自然中捕捉動植物之美！',4),(100,'2025-06-07 18:01:26.000000',NULL,'參加這場健身訓練營，學習如何進行高效的全身訓練，提升你的體能，打造更強壯的身體！','/images/fakeImage(114).jpg','台北市信義區光復南路98號',35,0.00,'2025-09-05 09:00:00.000000','PUBLISHED','健身訓練營：學習全身高效訓練，提升體能，打造健康身體！',1),(101,'2025-06-07 18:01:27.000000',NULL,'這場旅行規劃工作坊將幫助你學習如何計劃和預算一次完美的旅行，讓你的旅行不再混亂無序！','/images/fakeImage(115).jpg','台北市大安區仁愛路二段56號',20,0.00,'2025-09-10 14:00:00.000000','PUBLISHED','旅行規劃工作坊：學習計劃和預算旅行，享受完美旅行！',2),(102,'2025-06-07 18:01:28.000000',NULL,'參加這場陶藝創作工作坊，從基礎的陶土捏造開始，學習如何創作屬於自己的陶藝作品！','/images/fakeImage(116).jpg','台中市南區建國路一段56號',15,0.00,'2025-09-07 10:00:00.000000','PUBLISHED','陶藝創作工作坊：學習捏陶，創作個性化陶藝作品！',4),(103,'2025-06-07 18:01:29.000000',NULL,'來參加這場財務管理講座，學習如何管理你的個人財務，達成你的財務目標，提升財務自由！','/images/fakeImage(117).jpg','新北市土城區中央路一段34號',25,0.00,'2025-09-12 18:00:00.000000','PUBLISHED','個人財務管理講座：學習財務管理，實現財務自由！',1),(104,'2025-06-07 18:01:30.000000',NULL,'這場專為女性設計的創業工作坊，教你如何在創業過程中保持自信，並有效規劃自己的事業！','/images/fakeImage(118).jpg','台北市大安區信義路二段45號',30,0.00,'2025-09-15 15:00:00.000000','PUBLISHED','女性創業工作坊：學習如何在創業中保持自信，規劃事業！',2),(105,'2025-06-07 18:01:31.000000',NULL,'參加這場美食料理課程，學習如何製作經典的法式料理，讓你在家也能輕鬆烹飪出高級美食！！','/images/fakeImage(119).jpg','新北市三峽區三華路24號',25,0.00,'2025-09-20 12:00:00.000000','PUBLISHED','法式料理課程：學習製作經典法式美食，烹飪出高級料理！',3),(106,'2025-06-07 18:01:32.000000',NULL,'讓我們一起參加週二的免費桌遊日，與朋友們腦力激盪，在輕鬆愉快的環境中放鬆心情，體驗策略與趣味的完美結合！','/images/fakeImage(25).jpg','台北市信義區光復南路133號',18,0.00,'2025-07-12 14:00:00.000000','PUBLISHED','週二桌遊放鬆日，免費開放活動',2),(107,'2025-06-07 18:01:33.000000',NULL,'參與週五的Cosplay主題聚會！展現你對角色的熱情，與同好互動交流，還有現場攝影活動與小禮物贈送！','/images/fakeImage(73).jpg','高雄市苓雅區中正一路58號',25,100.00,'2025-08-09 17:30:00.000000','PUBLISHED','週五Cosplay聚會，角色扮演派對',3),(108,'2025-06-07 18:01:34.000000',NULL,'本次語言交換活動歡迎各種語言程度的朋友加入，我們會透過遊戲、對話與互動讓大家快速認識彼此，一起提升語言能力！','/images/fakeImage(48).jpg','新竹市東區食品路88號',30,50.00,'2025-07-27 19:00:00.000000','PUBLISHED','語言交流夜，一起學語言交朋友',4),(109,'2025-06-07 18:01:35.000000',NULL,'週六戶外野餐日，邀請你帶著美食與笑容來參加，現場有音樂演出、互動遊戲與分享時光，適合家庭、情侶與朋友同行！','/images/fakeImage(11).jpg','桃園市中壢區中山東路二段200號',35,0.00,'2025-07-20 11:00:00.000000','PUBLISHED','週六野餐派對，戶外音樂與美食',1),(110,'2025-06-07 18:01:36.000000',NULL,'熱血運動週一夜，讓我們在專業教練的帶領下一起流汗、釋放壓力、建立健康生活習慣，適合各種年齡層參與！','/images/fakeImage(61).jpg','台中市西區公益路152號',40,80.00,'2025-07-14 18:30:00.000000','PUBLISHED','週一熱血運動夜，打造健康生活',3),(111,'2025-06-07 18:01:37.000000',NULL,'週四來一場放鬆心情的KTV聚會，盡情高歌釋放壓力，還有歌唱比賽等你來挑戰！','/images/fakeImage(12).jpg','台北市萬華區成都路55號',20,200.00,'2025-07-31 19:00:00.000000','PUBLISHED','週四歡樂KTV夜，盡情高歌釋放壓力',2),(112,'2025-06-07 18:01:38.000000',NULL,'本次免費展覽將展示在地藝術家創作，歡迎對藝術有興趣的朋友蒞臨參觀並與創作者互動！','/images/fakeImage(91).jpg','台中市北屯區松竹路一段120號',30,0.00,'2025-07-21 13:00:00.000000','PUBLISHED','免費藝術展覽，感受創意與靈感',1),(113,'2025-06-07 18:01:39.000000',NULL,'這場週三線上動漫讀書會，適合各年齡層動漫迷一同參與，討論經典劇情與角色設定，還有線上小活動！','/images/fakeImage(35).jpg','線上活動',25,0.00,'2025-08-07 20:00:00.000000','PUBLISHED','週三線上動漫讀書會，一起聊經典劇情',4),(114,'2025-06-07 18:01:40.000000',NULL,'我們將在週日舉辦戶外運動挑戰賽，包括慢跑、跳繩與簡易體能訓練，適合親子與朋友一起來運動！','/images/fakeImage(29).jpg','新北市三重區重新路四段80號',40,50.00,'2025-08-11 08:00:00.000000','PUBLISHED','週日戶外運動挑戰，親子朋友齊參與',3),(115,'2025-06-07 18:01:41.000000',NULL,'週六的Cosplay派對熱情開放！歡迎各角色扮演者參與舞台走秀與攝影交流活動！','/images/fakeImage(84).jpg','高雄市新興區七賢一路78號',35,150.00,'2025-08-03 16:00:00.000000','PUBLISHED','週六Cosplay派對，角色走秀攝影聚',1),(116,'2025-06-07 18:01:42.000000',NULL,'離島限定的週三戶外聚會將帶你走訪秘境風景區，一起享受自然與友情的美好時光！','/images/fakeImage(40).jpg','澎湖縣馬公市光復路88號',20,300.00,'2025-08-14 10:00:00.000000','PUBLISHED','週三離島戶外聚會，探索自然秘境',2),(117,'2025-06-07 18:01:43.000000',NULL,'週五KTV音樂派對開唱啦！盡情唱出你的拿手好歌，還有神秘嘉賓與現場贈品等你來拿！','/images/fakeImage(56).jpg','台北市中正區羅斯福路三段70號',30,200.00,'2025-07-19 20:30:00.000000','PUBLISHED','週五KTV音樂派對，嗨唱歡樂時光',3),(118,'2025-06-07 18:01:44.000000',NULL,'週二中部桌遊之夜等你來挑戰，無論是新手或老玩家都能找到樂趣，還有小禮物等你贏！','/images/fakeImage(17).jpg','台中市北區忠明路101號',18,50.00,'2025-07-23 18:00:00.000000','PUBLISHED','週二中部桌遊之夜，策略與趣味結合',4),(119,'2025-06-07 18:01:45.000000',NULL,'這是一場宗教與藝術融合的講座活動，邀請你一起探索信仰與創作的交集，現場提供免費茶點。','/images/fakeImage(69).jpg','台北市文山區景興路122號',22,0.00,'2025-07-28 14:30:00.000000','PUBLISHED','宗教與藝術交會，靈性與創作的對話',2),(120,'2025-06-07 18:01:46.000000',NULL,'週日戶外語言聚會讓你一邊散步一邊學語言，透過主題討論與互動遊戲提升語言實力，歡迎加入！！','/images/fakeImage(65).jpg','新竹市香山區中華路四段120號',20,0.00,'2025-08-04 10:00:00.000000','PUBLISHED','週日戶外語言聚會，一邊走一邊學習',1),(121,'2025-06-07 18:01:47.000000',NULL,'週二動漫交流會邀請所有動漫迷一起來分享最愛的動畫與角色，還有主題小遊戲與拍照打卡區！','/images/fakeImage(78).jpg','台北市松山區南京東路五段88號',35,100.00,'2025-08-06 15:00:00.000000','PUBLISHED','週二動漫交流日，與動漫迷共聚一堂',3),(122,'2025-06-07 18:01:48.000000',NULL,'週五的語言交換活動讓你輕鬆認識外語朋友，提升口說能力，一起聊聊旅行、文化與夢想！','/images/fakeImage(11).jpg','高雄市鼓山區明誠路95號',30,0.00,'2025-08-09 18:30:00.000000','PUBLISHED','週五語言交換夜，學語言交朋友',4),(123,'2025-06-07 18:01:49.000000',NULL,'本次在中部舉辦的Cosplay派對邀請你一起變裝登場，參加走秀與攝影比賽，還有精美禮品！','/images/fakeImage(19).jpg','台中市南屯區公益路二段56號',40,150.00,'2025-07-26 14:00:00.000000','PUBLISHED','中部Cosplay盛會，變裝走秀交流',2),(124,'2025-06-07 18:01:50.000000',NULL,'週六運動體驗日包括羽球、跳繩與簡單體能訓練，讓你釋放壓力、強健身心，一起迎接健康生活！','/images/fakeImage(95).jpg','新竹縣竹北市成功八路100號',25,50.00,'2025-08-10 09:00:00.000000','PUBLISHED','週六運動日，健康體驗全身動起來',1),(125,'2025-06-07 18:01:51.000000',NULL,'週三北部語言學習講座，邀請資深老師分享學習策略與口語訓練技巧，現場提供學習資料與小禮物！','/images/fakeImage(54).jpg','台北市信義區信義路五段25號',30,0.00,'2025-08-14 19:00:00.000000','PUBLISHED','北部語言講座，實用技巧學以致用',1),(126,'2025-06-07 18:01:52.000000',NULL,'離島桌遊嘉年華週日登場，各種經典與創新桌遊等你來挑戰，還有對戰賽與現場抽獎活動！','/images/fakeImage(20).jpg','金門縣金城鎮環島北路二段120號',28,80.00,'2025-08-11 13:00:00.000000','PUBLISHED','離島桌遊日，策略與娛樂的饗宴',4),(127,'2025-06-07 18:01:53.000000',NULL,'週四在南部的戶外Cosplay走秀，邀請各路角色登台演出，搭配攝影師專區與粉絲合影時段！','/images/fakeImage(75).jpg','高雄市鳳山區建國路三段18號',30,100.00,'2025-08-01 16:30:00.000000','PUBLISHED','南部戶外Cosplay日，角色魅力全開',3),(128,'2025-06-07 18:01:54.000000',NULL,'週五美食聚會，邀你品嚐地方風味與自家製料理，歡迎分享拿手菜，享受料理與交流的樂趣！','/images/fakeImage(39).jpg','台南市中西區民生路一段50號',32,200.00,'2025-08-16 17:30:00.000000','PUBLISHED','週五美食交流夜，舌尖上的相遇',2),(129,'2025-06-07 18:01:55.000000',NULL,'免費的週六動漫聚會，除了播放熱門動畫外，還安排角色配音挑戰與同好交換小物活動！','/images/fakeImage(13).jpg','桃園市中壢區中山東路三段168號',40,0.00,'2025-08-17 14:00:00.000000','PUBLISHED','週六動漫聚會，熱血粉絲歡聚一堂',1),(130,'2025-06-07 18:01:56.000000',NULL,'週日中部志工訓練營邀請對公益有興趣的朋友，學習基本急救與團隊協作，完成挑戰還可獲證書！','/images/fakeImage(66).jpg','台中市西區五權西路一段150號',30,0.00,'2025-08-18 10:00:00.000000','PUBLISHED','週日中部志工營，挑戰合作與服務',2),(131,'2025-06-07 18:01:57.000000',NULL,'週一北部運動體驗營邀請您一起健身、跑步與團體運動，釋放壓力，開啟健康的一週生活！','/images/fakeImage(18).jpg','台北市大安區信義路四段88號',30,50.00,'2025-08-04 10:00:00.000000','PUBLISHED','週一健身運動營，燃燒你的卡路里',4),(132,'2025-06-07 18:01:58.000000',NULL,'免費的週日語言交換活動，在輕鬆氛圍中練習英語對話與文化交流，歡迎各種語言程度參加！','/images/fakeImage(24).jpg','台南市安平區安北路25號',20,0.00,'2025-08-11 14:30:00.000000','PUBLISHED','週日語言交換會，跨文化輕鬆交流',3),(133,'2025-06-07 18:01:59.000000',NULL,'週三中部展覽導覽體驗活動將帶您深入了解當代藝術，結合導覽與DIY創作，適合親子與朋友參加！','/images/fakeImage(53).jpg','台中市西屯區市政北七路55號',35,150.00,'2025-08-07 15:00:00.000000','PUBLISHED','週三藝術展覽導覽與互動創作體驗',2),(134,'2025-06-07 18:02:00.000000',NULL,'中部週四桌遊聯誼會，聚集喜愛策略與休閒遊戲的朋友一起同樂，現場提供各式遊戲與點心。','/images/fakeImage(76).jpg','台中市南區忠明南路110號',28,100.00,'2025-08-08 18:30:00.000000','PUBLISHED','週四桌遊聯誼會，與好友挑戰策略遊戲',1),(135,'2025-06-07 18:02:01.000000',NULL,'週六線上動漫主題討論會，歡迎來自全台的粉絲一起線上分享動漫心得與同人創作作品！','/images/fakeImage(90).jpg','線上活動',40,0.00,'2025-08-10 20:00:00.000000','PUBLISHED','線上動漫粉絲夜，共聊最愛動畫角色',2),(136,'2025-06-07 18:02:02.000000',NULL,'週二KTV歡唱聚會邀請音樂愛好者放鬆心情盡情歡唱，還有隨機合唱與主題挑戰賽，歡迎組隊參加！','/images/fakeImage(65).jpg','新北市板橋區中山路一段33號',36,150.00,'2025-08-06 19:00:00.000000','PUBLISHED','週二KTV聚會，唱出你的音樂夢想',3),(137,'2025-06-07 18:02:03.000000',NULL,'週四在東部的Cosplay市集，不僅可以展示角色扮演服裝，還能選購手作周邊與參加粉絲拍照區！','/images/fakeImage(36).jpg','花蓮市中華路五段77號',40,50.00,'2025-08-08 13:30:00.000000','PUBLISHED','東部Cosplay市集，角色扮演與創作分享',4),(138,'2025-06-07 18:02:04.000000',NULL,'週三免費展覽體驗營開放限量報名，介紹本地藝術家的創作過程與理念，還有互動問答抽好禮。','/images/fakeImage(29).jpg','新竹市東區經國路二段72號',30,0.00,'2025-08-07 10:30:00.000000','PUBLISHED','免費週三展覽導覽，探索本地藝術靈魂',1),(139,'2025-06-07 18:02:05.000000',NULL,'週日美食DIY活動將由專業廚師指導參加者親手製作簡單料理，享受動手做與吃的雙重樂趣！','/images/fakeImage(37).jpg','高雄市左營區自由路120號',32,200.00,'2025-08-11 16:00:00.000000','PUBLISHED','週日美食DIY日，親手烹飪體驗料理魅力',2),(140,'2025-06-07 18:02:06.000000',NULL,'週一語言互動活動透過遊戲與小組討論形式提升溝通能力，特別適合初學者與想克服口說障礙者。','/images/fakeImage(69).jpg','台北市士林區福國路18號',25,0.00,'2025-08-04 19:00:00.000000','PUBLISHED','週一語言互動夜，溝通練習從零開始',3);
/*!40000 ALTER TABLE `events` ENABLE KEYS */;
UNLOCK TABLES;

--
-- Table structure for table `favorites`
--

DROP TABLE IF EXISTS `favorites`;
/*!40101 SET @saved_cs_client     = @@character_set_client */;
/*!50503 SET character_set_client = utf8mb4 */;
CREATE TABLE `favorites` (
  `id` int NOT NULL AUTO_INCREMENT,
  `created_at` datetime(6) DEFAULT NULL,
  `event_id` int DEFAULT NULL,
  `user_id` int DEFAULT NULL,
  PRIMARY KEY (`id`),
  KEY `FK6b7dh18an7km6sifcppfwjkm3` (`event_id`),
  KEY `FKk7du8b8ewipawnnpg76d55fus` (`user_id`),
  CONSTRAINT `FK6b7dh18an7km6sifcppfwjkm3` FOREIGN KEY (`event_id`) REFERENCES `events` (`event_id`),
  CONSTRAINT `FKk7du8b8ewipawnnpg76d55fus` FOREIGN KEY (`user_id`) REFERENCES `users` (`user_id`)
) ENGINE=InnoDB AUTO_INCREMENT=13 DEFAULT CHARSET=utf8mb4 COLLATE=utf8mb4_0900_ai_ci;
/*!40101 SET character_set_client = @saved_cs_client */;

--
-- Dumping data for table `favorites`
--

LOCK TABLES `favorites` WRITE;
/*!40000 ALTER TABLE `favorites` DISABLE KEYS */;
INSERT INTO `favorites` VALUES (3,'2025-06-07 18:26:06.431207',120,4),(4,'2025-06-07 18:26:07.534346',116,4),(5,'2025-06-07 18:26:08.521063',112,4),(6,'2025-06-07 18:26:09.462504',110,4),(7,'2025-06-07 18:26:16.873310',105,4),(8,'2025-06-07 18:32:02.306615',59,4),(9,'2025-06-07 18:32:03.671861',57,4),(10,'2025-06-07 18:32:05.058704',49,4),(11,'2025-06-07 18:32:06.464195',44,4),(12,'2025-06-07 19:45:05.934502',15,4);
/*!40000 ALTER TABLE `favorites` ENABLE KEYS */;
UNLOCK TABLES;

--
-- Table structure for table `notifications`
--

DROP TABLE IF EXISTS `notifications`;
/*!40101 SET @saved_cs_client     = @@character_set_client */;
/*!50503 SET character_set_client = utf8mb4 */;
CREATE TABLE `notifications` (
  `notification_id` int NOT NULL AUTO_INCREMENT,
  `created_at` datetime(6) DEFAULT NULL,
  `updated_at` datetime(6) DEFAULT NULL,
  `is_read` bit(1) DEFAULT NULL,
  `message` varchar(255) DEFAULT NULL,
  `url` varchar(255) DEFAULT NULL,
  `user_id` int DEFAULT NULL,
  PRIMARY KEY (`notification_id`),
  KEY `FK9y21adhxn0ayjhfocscqox7bh` (`user_id`),
  CONSTRAINT `FK9y21adhxn0ayjhfocscqox7bh` FOREIGN KEY (`user_id`) REFERENCES `users` (`user_id`)
) ENGINE=InnoDB AUTO_INCREMENT=5 DEFAULT CHARSET=utf8mb4 COLLATE=utf8mb4_0900_ai_ci;
/*!40101 SET character_set_client = @saved_cs_client */;

--
-- Dumping data for table `notifications`
--

LOCK TABLES `notifications` WRITE;
/*!40000 ALTER TABLE `notifications` DISABLE KEYS */;
INSERT INTO `notifications` VALUES (1,'2025-06-07 17:28:53.591310','2025-06-07 17:28:53.591310',_binary '\0','您於2025-06-07 17:28:52的報名已經取消。','/event/10',1),(2,'2025-06-07 18:32:24.653265','2025-06-07 19:50:17.998958',_binary '','您於2025-06-07 18:32:21的免費報名已成功。','/event/92',4),(3,'2025-06-07 19:49:07.938670','2025-06-07 19:52:15.924108',_binary '','您於2025-06-07 19:48:51的付費報名已成功。','/event/139',4),(4,'2025-06-07 20:29:00.207195','2025-06-08 23:05:21.311281',_binary '','您於2025-06-07 20:27:11的報名因逾時未付款已取消，請重新報名。','/event/124',4);
/*!40000 ALTER TABLE `notifications` ENABLE KEYS */;
UNLOCK TABLES;

--
-- Table structure for table `registrations`
--

DROP TABLE IF EXISTS `registrations`;
/*!40101 SET @saved_cs_client     = @@character_set_client */;
/*!50503 SET character_set_client = utf8mb4 */;
CREATE TABLE `registrations` (
  `registration_id` int NOT NULL AUTO_INCREMENT,
  `created_at` datetime(6) DEFAULT NULL,
  `paid_amount` decimal(38,2) NOT NULL,
  `status` enum('CANCELLED','COMPLETED','PENDING_PAYMENT','TIMEOUT') NOT NULL,
  `updated_at` datetime(6) DEFAULT NULL,
  `event_id` int DEFAULT NULL,
  `user_id` int DEFAULT NULL,
  PRIMARY KEY (`registration_id`),
  KEY `FK8mi58jt1s8fxmi56jnau0cxqw` (`event_id`),
  KEY `FKl2iby9n9hp8jwkfj8i96pkxpi` (`user_id`),
  CONSTRAINT `FK8mi58jt1s8fxmi56jnau0cxqw` FOREIGN KEY (`event_id`) REFERENCES `events` (`event_id`),
  CONSTRAINT `FKl2iby9n9hp8jwkfj8i96pkxpi` FOREIGN KEY (`user_id`) REFERENCES `users` (`user_id`)
) ENGINE=InnoDB AUTO_INCREMENT=5 DEFAULT CHARSET=utf8mb4 COLLATE=utf8mb4_0900_ai_ci;
/*!40101 SET character_set_client = @saved_cs_client */;

--
-- Dumping data for table `registrations`
--

LOCK TABLES `registrations` WRITE;
/*!40000 ALTER TABLE `registrations` DISABLE KEYS */;
INSERT INTO `registrations` VALUES (1,'2025-06-07 17:28:52.510822',250.00,'CANCELLED','2025-06-07 17:28:53.575954',10,1),(2,'2025-06-07 18:32:21.811095',0.00,'COMPLETED','2025-06-07 18:32:21.812271',92,4),(3,'2025-06-07 19:48:51.754146',200.00,'COMPLETED','2025-06-07 19:49:04.816350',139,4),(4,'2025-06-07 20:27:11.236377',50.00,'TIMEOUT','2025-06-07 20:29:00.201198',124,4);
/*!40000 ALTER TABLE `registrations` ENABLE KEYS */;
UNLOCK TABLES;

--
-- Table structure for table `registrations_staging`
--

DROP TABLE IF EXISTS `registrations_staging`;
/*!40101 SET @saved_cs_client     = @@character_set_client */;
/*!50503 SET character_set_client = utf8mb4 */;
CREATE TABLE `registrations_staging` (
  `registration_id` int NOT NULL AUTO_INCREMENT,
  `created_at` datetime(6) DEFAULT NULL,
  `paid_amount` decimal(38,2) NOT NULL,
  `status` enum('CANCELLED','COMPLETED','PENDING_PAYMENT','TIMEOUT') NOT NULL,
  `updated_at` datetime(6) DEFAULT NULL,
  `event_id` int DEFAULT NULL,
  `user_id` int DEFAULT NULL,
  PRIMARY KEY (`registration_id`),
  KEY `FK6j2e2vg0tmqsp1y0llxc04tuq` (`event_id`),
  KEY `FK8jd1aq23py7x5fjesf130pqqh` (`user_id`),
  CONSTRAINT `FK6j2e2vg0tmqsp1y0llxc04tuq` FOREIGN KEY (`event_id`) REFERENCES `events` (`event_id`),
  CONSTRAINT `FK8jd1aq23py7x5fjesf130pqqh` FOREIGN KEY (`user_id`) REFERENCES `users` (`user_id`)
) ENGINE=InnoDB AUTO_INCREMENT=4 DEFAULT CHARSET=utf8mb4 COLLATE=utf8mb4_0900_ai_ci;
/*!40101 SET character_set_client = @saved_cs_client */;

--
-- Dumping data for table `registrations_staging`
--

LOCK TABLES `registrations_staging` WRITE;
/*!40000 ALTER TABLE `registrations_staging` DISABLE KEYS */;
/*!40000 ALTER TABLE `registrations_staging` ENABLE KEYS */;
UNLOCK TABLES;

--
-- Table structure for table `tags`
--

DROP TABLE IF EXISTS `tags`;
/*!40101 SET @saved_cs_client     = @@character_set_client */;
/*!50503 SET character_set_client = utf8mb4 */;
CREATE TABLE `tags` (
  `tag_id` int NOT NULL AUTO_INCREMENT,
  `created_at` datetime(6) DEFAULT NULL,
  `updated_at` datetime(6) DEFAULT NULL,
  `tag_name` varchar(50) NOT NULL,
  PRIMARY KEY (`tag_id`),
  UNIQUE KEY `UK2c6s9hekidseaj5vbgb3pgy3k` (`tag_name`)
) ENGINE=InnoDB AUTO_INCREMENT=41 DEFAULT CHARSET=utf8mb4 COLLATE=utf8mb4_0900_ai_ci;
/*!40101 SET character_set_client = @saved_cs_client */;

--
-- Dumping data for table `tags`
--

LOCK TABLES `tags` WRITE;
/*!40000 ALTER TABLE `tags` DISABLE KEYS */;
INSERT INTO `tags` VALUES (1,'2025-06-07 16:42:44.852214','2025-06-07 16:42:44.852214','搖滾'),(2,'2025-06-07 16:42:44.853691','2025-06-07 16:42:44.853691','北部'),(3,'2025-06-07 16:42:44.853691','2025-06-07 16:42:44.853691','樂團'),(4,'2025-06-07 16:42:44.856073','2025-06-07 16:42:44.856073','週一'),(5,'2025-06-07 16:45:32.723287','2025-06-07 16:45:32.723287','中部'),(6,'2025-06-07 16:45:32.724721','2025-06-07 16:45:32.724721','桌遊'),(7,'2025-06-07 16:45:32.725745','2025-06-07 16:45:32.725745','書海'),(8,'2025-06-07 16:45:32.725745','2025-06-07 16:45:32.725745','免費'),(9,'2025-06-07 16:45:32.726783','2025-06-07 16:45:32.726783','週二'),(10,'2025-06-07 16:46:39.319263','2025-06-07 16:46:39.319263','偶像'),(11,'2025-06-07 16:46:39.320317','2025-06-07 16:46:39.320317','週三'),(12,'2025-06-07 16:46:39.321486','2025-06-07 16:46:39.321486','南部'),(13,'2025-06-07 16:46:39.322706','2025-06-07 16:46:39.322706','狗聚'),(14,'2025-06-07 16:47:51.924276','2025-06-07 16:47:51.924276','東部'),(15,'2025-06-07 16:47:51.925280','2025-06-07 16:47:51.925280','週四'),(16,'2025-06-07 16:47:51.926334','2025-06-07 16:47:51.926334','汪汪隊'),(17,'2025-06-07 16:49:49.062338','2025-06-07 16:49:49.062338','歌喉'),(18,'2025-06-07 16:49:49.063394','2025-06-07 16:49:49.063394','週五'),(19,'2025-06-07 16:49:49.064397','2025-06-07 16:49:49.064397','離島'),(20,'2025-06-07 16:49:49.065593','2025-06-07 16:49:49.065593','KTV'),(21,'2025-06-07 16:50:54.687601','2025-06-07 16:50:54.687601','自行車'),(22,'2025-06-07 16:50:54.688741','2025-06-07 16:50:54.688741','運動'),(23,'2025-06-07 16:50:54.689805','2025-06-07 16:50:54.689805','線上'),(24,'2025-06-07 16:53:28.268594','2025-06-07 16:53:28.268594','展覽'),(25,'2025-06-07 16:53:28.268594','2025-06-07 16:53:28.268594','週日'),(26,'2025-06-07 17:21:58.000000','2025-06-07 17:21:58.000000','週六'),(28,'2025-06-07 17:21:58.000000','2025-06-07 17:21:58.000000','美食'),(29,'2025-06-07 17:21:58.000000','2025-06-07 17:21:58.000000','DIY'),(30,'2025-06-07 17:21:58.000000','2025-06-07 17:21:58.000000','語言'),(31,'2025-06-07 17:21:58.000000','2025-06-07 17:21:58.000000','學習'),(32,'2025-06-07 17:21:58.000000','2025-06-07 17:21:58.000000','動漫'),(33,'2025-06-07 17:21:58.000000','2025-06-07 17:21:58.000000','Cosplay'),(34,'2025-06-07 17:21:58.000000','2025-06-07 17:21:58.000000','宗教'),(35,'2025-06-07 17:21:58.000000','2025-06-07 17:21:58.000000','戶外'),(36,'2025-06-07 17:21:58.000000','2025-06-07 17:21:58.000000','寵物'),(37,'2025-06-07 17:21:58.000000','2025-06-07 17:21:58.000000','志工'),(38,'2025-06-07 17:21:58.000000','2025-06-07 17:21:58.000000','揪團');
/*!40000 ALTER TABLE `tags` ENABLE KEYS */;
UNLOCK TABLES;

--
-- Table structure for table `users`
--

DROP TABLE IF EXISTS `users`;
/*!40101 SET @saved_cs_client     = @@character_set_client */;
/*!50503 SET character_set_client = utf8mb4 */;
CREATE TABLE `users` (
  `user_id` int NOT NULL AUTO_INCREMENT,
  `created_at` datetime(6) DEFAULT NULL,
  `updated_at` datetime(6) DEFAULT NULL,
  `active` bit(1) DEFAULT NULL,
  `email` varchar(255) NOT NULL,
  `password_hash` varchar(255) NOT NULL,
  `role` varchar(255) DEFAULT NULL,
  `salt` varchar(255) NOT NULL,
  `username` varchar(50) NOT NULL,
  `wallet_id` int DEFAULT NULL,
  PRIMARY KEY (`user_id`),
  UNIQUE KEY `UKr43af9ap4edm43mmtq01oddj6` (`username`),
  UNIQUE KEY `UK1vggin5xlv1ptduwmtp1rm16` (`wallet_id`),
  CONSTRAINT `FK2ndfo1foff7a36v7f6sst12ix` FOREIGN KEY (`wallet_id`) REFERENCES `wallet` (`wallet_id`)
) ENGINE=InnoDB AUTO_INCREMENT=5 DEFAULT CHARSET=utf8mb4 COLLATE=utf8mb4_0900_ai_ci;
/*!40101 SET character_set_client = @saved_cs_client */;

--
-- Dumping data for table `users`
--

LOCK TABLES `users` WRITE;
/*!40000 ALTER TABLE `users` DISABLE KEYS */;
INSERT INTO `users` VALUES (1,'2025-06-07 16:19:02.150468','2025-06-07 16:26:15.691494',_binary '','wss07715A@gmail.com','KhQnpS15CeHI3uxGkF7sVKG2vSkksd3+xqqDCwY4tjE=','user','0Lcb+fG9HnveuOt9OwX/Fg==','用戶A',1),(2,'2025-06-07 16:21:20.090756','2025-06-07 16:26:31.046768',_binary '','wss07715B@gmail.com','E3S5RaJKj9cmt8qin3Coa7TMDrmfc6xzGFF+lQLWX8w=','user','cI5j3P43y5NBZxQJ7znp6w==','用戶B',2),(3,'2025-06-07 16:25:29.940819','2025-06-07 16:26:41.702707',_binary '','wss07715C@gmail.com','FAJmVo5DMqk8eKGckO2Rhtf5v+5tREtAy4JwoV+s6Y0=','user','aFi4zh3M96C5LT2WDXOoWQ==','用戶C',3),(4,'2025-06-07 16:28:38.789726','2025-06-07 16:28:40.705639',_binary '','wss07715@gmail.com','4Q/5cxiaxY2iRy0mDsaZqvOwupOCGxTsWL4CMetQ0tw=','user','n/Wgz1TRcACGeqWLXPlpIA==','展示帳戶',4);
/*!40000 ALTER TABLE `users` ENABLE KEYS */;
UNLOCK TABLES;

--
-- Table structure for table `wallet`
--

DROP TABLE IF EXISTS `wallet`;
/*!40101 SET @saved_cs_client     = @@character_set_client */;
/*!50503 SET character_set_client = utf8mb4 */;
CREATE TABLE `wallet` (
  `wallet_id` int NOT NULL AUTO_INCREMENT,
  `created_at` datetime(6) DEFAULT NULL,
  `updated_at` datetime(6) DEFAULT NULL,
  `balance` decimal(38,2) DEFAULT NULL,
  PRIMARY KEY (`wallet_id`)
) ENGINE=InnoDB AUTO_INCREMENT=5 DEFAULT CHARSET=utf8mb4 COLLATE=utf8mb4_0900_ai_ci;
/*!40101 SET character_set_client = @saved_cs_client */;

--
-- Dumping data for table `wallet`
--

LOCK TABLES `wallet` WRITE;
/*!40000 ALTER TABLE `wallet` DISABLE KEYS */;
INSERT INTO `wallet` VALUES (1,'2025-06-07 16:19:02.135009','2025-06-07 16:19:02.135009',1000.00),(2,'2025-06-07 16:21:20.085746','2025-06-07 19:49:07.943737',1200.00),(3,'2025-06-07 16:25:29.936607','2025-06-07 16:25:29.936607',1000.00),(4,'2025-06-07 16:28:38.787093','2025-06-07 19:49:07.942187',800.00);
/*!40000 ALTER TABLE `wallet` ENABLE KEYS */;
UNLOCK TABLES;
/*!40103 SET TIME_ZONE=@OLD_TIME_ZONE */;

/*!40101 SET SQL_MODE=@OLD_SQL_MODE */;
/*!40014 SET FOREIGN_KEY_CHECKS=@OLD_FOREIGN_KEY_CHECKS */;
/*!40014 SET UNIQUE_CHECKS=@OLD_UNIQUE_CHECKS */;
/*!40101 SET CHARACTER_SET_CLIENT=@OLD_CHARACTER_SET_CLIENT */;
/*!40101 SET CHARACTER_SET_RESULTS=@OLD_CHARACTER_SET_RESULTS */;
/*!40101 SET COLLATION_CONNECTION=@OLD_COLLATION_CONNECTION */;
/*!40111 SET SQL_NOTES=@OLD_SQL_NOTES */;

-- Dump completed on 2025-06-08 23:18:18
